id,name,chemicals,genes,pharmacodynamic,pharmacokinetic
PA166123135,Efavirenz Pathway,"7-hydroxyefavirenz, 7-hydroxyefavirenz glucuronide, 8,14-dihydroxyefavirenz, 8,14-dihydroxyefavirenz glucuronide, 8-hydroxyefavirenz, 8-hydroxyefavirenz glucuronide, efavirenz, efavirenz-n-glucuronide","CYP1A2, CYP2A6, CYP2B6, CYP3A4, CYP3A5, NR1I2, NR1I3, UGT2B7",0,1
PA166179790,Tropisetron Pathway,"5-hydroxytropisetron, 6-hydroxytropisetron, 7-hydroxytropisetron, serotonin, tropisetron, tropisetron 5-glucuronide, tropisetron 5-sulfate, tropisetron 6-glucuronide, tropisetron 6-sulfate, tropisetron 7-glucuronide, tropisetron 7-sulfate","CYP2D6, CYP3A4, HTR3A, HTR3B, HTR3C, HTR3D, HTR3E, SLC22A1",0,0
PA166163705,Diclofenac Pathway,"3'-hydroxydiclofenac, 4',5-dihydroxydiclofenac, 4'-hydroxydiclofenac, 5-hydroxy diclofenac benzoquinone, 5-hydroxydiclofenac, diclofenac, diclofenac acyl glucuronide, glutathione","ABCC2, ABCC3, ABCG2, CYP2B6, CYP2C18, CYP2C19, CYP2C8, CYP2C9, CYP3A4, GSTA1, GSTM1, GSTP1, SLC22A11, SLC22A6, SLC22A7, SLC22A8, SLCO1B1, SLCO2B1, UGT2B7",0,0
PA166160830,Atomoxetine Pathway,"2-hydroxymethyl atomoxetine, 4'-hydroxy atomoxetine, 4-hydroxyatomoxetine-O-glucuronide, atomoxetine, N-desmethyl atomoxetine, N-desmethyl-4-hydroxyatomoxetine, N-desmethyl-4-hydroxyatomoxetine glucuronide","CYP1A2, CYP2B6, CYP2C19, CYP2D6, CYP2E1, CYP3A4",0,0
PA166164906,Dasatinib Pathway,"acetaminophen, acetaminophen glucuronide, dasatinib, dasatinib beta-d-glucuronide, dasatinib carboxylic acid, dasatinib M20, dasatinib M4, dasatinib n-oxide, hydroxymethyl dasatinib","ABCB1, ABCG2, CYP1A1, CYP1A2, CYP1B1, CYP2C9, CYP3A4, CYP3A5, FMO3, UGT1A1, UGT1A9, UGT2B15",0,0
PA166163828,Haloperidol Pathway,"chlorophenyl piperidinol, fluorobenzoylpropionic acid, haloperidol, haloperidol glucuronide, haloperidol pyridinium, reduced haloperidol","CBR1, CYP1A1, CYP2C19, CYP2C8, CYP2C9, CYP2D6, CYP3A4, CYP3A5, UGT1A4, UGT1A9, UGT2B7",0,0
PA166163866,Fluvoxamine Pathway,"fluvoxamine, fluvoxamine acid, fluvoxamine m3, fluvoxaminoalcohol, n-acetyl fluvoxamine acid","ADH1A, ADH1B, ADH1C, CYP1A2, CYP2C19, CYP2D6, CYP3A",0,0
PA166163741,Naproxen Pathway,"desmethylnaproxen, desmethylnaproxen acyl glucuronide, desmethylnaproxen glucuronide, naproxen, naproxen glucuronide","CYP1A2, CYP2C9, UGT1A1, UGT1A3, UGT1A6, UGT1A9, UGT2B7",0,0
PA166165056,Olanzapine Pathway,"2-hydroxymethyl olanzapine, desmethyl olanzapine, olanzapine, olanzapine 10-n-glucuronide, olanzapine 4-n-glucuronide, olanzapine n-oxide","ABCB1, CYP1A2, CYP2C8, CYP2D6, CYP3A4, CYP3A43, CYP3A5, FMO1, FMO3, UGT1A4, UGT2B10",0,0
PA166165076,Verapamil Pathway,"(s)-norverapamil, arverapamil, furafylline, grapefruit juice, verapamil, verapamil D-617, verapamil D-620, verapamil PR-22, verapamil PR-25","ABCB1, CYP1A2, CYP2C8, CYP2D6, CYP2E1, CYP3A4, CYP3A5",0,0
PA166170042,Clobazam Pathway,"4'-hydroxy-n-desmethylclobazam, 4'-hydroxyclobazam, clobazam, norclobazam","CYP2B6, CYP2C18, CYP2C19, CYP2C9, CYP3A4",0,0
PA166179808,Ondansetron Pathway,"6-hydroxyondansetron, 7-hydroxyondansetron, 8-hydroxyondansetron, N-demethylondansetron, ondansetron, ondansetron 6-glucuronide, ondansetron 6-sulfate, ondansetron 7-glucuronide, ondansetron 7-sulfate, ondansetron 8-glucuronide, ondansetron 8-sulfate, serotonin","CYP1A1, CYP1A2, CYP2D6, CYP3A, HTR3A, HTR3B, HTR3C, HTR3D, HTR3E",0,0
PA165111376,Benzodiazepine Pathway,benzodiazepine derivatives,"ACBD3, DBI, GABRA1, GABRB2, GABRG2, SLC25A4, SLC32A1, SLC6A1, SLC6A11, SLC6A12, SLC6A13, TSPO, TSPOAP1, VDAC1",1,0
PA165111375,Benzodiazepine Pathway,"alprazolam, bromazepam, clonazepam, diazepam, flunitrazepam, flurazepam, lorazepam, midazolam, oxazepam, temazepam, triazolam","CYP1A2, CYP2C19, CYP2D6, CYP3A4, CYP3A5, NAT2, UGT1A4, UGT1A9, UGT2B15, UGT2B4, UGT2B7",1,1
PA165110622,Agents Acting on the Renin-Angiotensin System Pathway,"Ace Inhibitors, Plain, aldosterone, aliskiren, angiotensin 1-5, angiotensin 1-7, angiotensin 1-9, angiotensin I, angiotensin II, Angiotensin II Antagonists, bradykinin, calcium, eplerenone, spironolactone","ACE, ACE2, AGT, AGTR1, AGTR2, ATP6AP2, BDKRB1, BDKRB2, CMA1, CTSG, CYP11B2, KNG1, MAPK1, MAPK3, MAS1, MME, NOS3, NR3C2, REN, TGFB1",1,0
PA165292163,Doxorubicin Pathway (Cancer Cell),"doxorubicin, doxorubicin semiquinone, reactive oxygen species","ABCB1, ABCC1, ABCC2, ABCG2, CAT, ERCC2, GPX1, MLH1, MSH2, NFKB1, NOS3, NQO1, RALBP1, SLC22A16, SOD1, TOP2A, TP53, XDH",1,0
PA165291507,Fluoropyrimidine Pathway,"5,10-methenyltetrahydrofolate, capecitabine, deoxythymidine monophosphate, deoxyuridine monophosphate, dihydrofolic acid, fluorodeoxyuridine monophosphate, fluorodeoxyuridine triphosphate, fluorouracil, fluorouridine triphosphate, leucovorin, tegafur","DHFR, ERCC2, FPGS, GGH, MTHFR, SMUG1, TDG, TP53, TYMS, XRCC3",1,1
PA165291575,Antimetabolite Pathway - Folate Cycle,"10-formyltetrahydrofolate, 5,10-methenyltetrahydrofolate, 5,10-methylenetetrahydrofolate, adenosine, adenosine diphosphate, adenosine monophosphate, adenosine triphosphate, cyanocobalamin, cystathionine, deoxythymidine monophosphate, deoxyuridine monophosphate, dihydrofolic acid, glycine, homocysteine, hypoxanthine, inosine, inosine monophosphate, l-serine, leucovorin, levomefolic acid, methionine, methotrexate, pemetrexed, purine analogues, Pyrimidine analogues, raltitrexed, s-adenosylhomocysteine, s-adenosylmethionine, tetrahydrofolic acid","ADA, ATIC, CBS, DHFR, GART, MTHFD1, MTHFR, MTHFS, MTR, MTRR, NT5E, PPAT, SHMT1, TYMS",1,0
PA165292177,Doxorubicin Pathway,"doxorubicin, doxorubicin deoxyaglycone, doxorubicin hydroxyaglycone, doxorubicin semiquinone, doxorubicinol, doxorubicinol hydroxyaglycone, reactive oxygen species","ABCB1, ABCC1, ABCC2, ABCG2, AKR1A1, AKR1C3, CAT, CBR1, CBR3, GPX1, NDUFS2, NDUFS3, NDUFS7, NOS1, NOS2, NOS3, NQO1, POR, RALBP1, SLC22A16, SOD1, XDH",0,1
PA165374494,Busulfan Pathway,busulfan,"APEX1, BAG3, BBC3, BCL2, BCL2L1, BCL2L10, BIK, BIRC2, BNIP3, CDK1, CHEK2, CTH, DPEP1, DPEP2, DPEP3, FMO1, FMO2, FMO3, FMO4, FMO5, GGT1, GGT2, GSTA1, GSTM1, GSTP1, LTBR, MGMT, MGST2, MLH1, MPG, MSH2, MYC, NAT1, NAT2, STAT3, XIAP",1,1
PA165378192,Artemisinin and Derivatives Pathway,"arteether, artemether, artemisinin, artesunate","CYP2A6, CYP2B6, CYP3A4, CYP3A5, UGT1A9, UGT2B7",0,1
PA165816349,Methotrexate Pathway,methotrexate,"ABCB1, ABCC1, ABCC2, ABCC3, ABCG2, FOLR1, SLC19A1, SLC22A6, SLC22A8, SLC46A1, SLCO1A2, SLCO1B1, SLCO1B3",0,1
PA165816270,Methotrexate Pathway (Brain Cell),methotrexate,"ABCB1, ABCC1, ABCC4, ABCG2, SLC22A6, SLC22A8, SLCO1A2",0,1
PA165815256,Amodiaquine Pathway,amodiaquine,"CYP1A1, CYP1B1, CYP2C8",0,1
PA165884757,Caffeine Pathway,"1,3,7-trimethyluric acid, 1,7-dimethyluric acid, 1,7-dimethylxanthine, 1-methyluric acid, 1-methylxanthine, 5-acetylamino-6-formylamino-3-methyluracil, caffeine, theobromine, theophylline","CYP1A2, CYP2A6, CYP2E1, CYP3A4, NAT2, XDH",0,1
PA165816969,Rosiglitazone Pathway,rosiglitazone,"CYP2C8, CYP2C9, SLCO1B1",0,0
PA165817070,Carbamazepine Pathway,carbamazepine,"ABCB1, ABCC2, CYP1A2, CYP2A6, CYP2B6, CYP2C19, CYP2C8, CYP2E1, CYP3A4, CYP3A5, CYP3A7, EPHX1, MPO, NR1I2, NR1I3, RALBP1, UGT2B7",0,1
PA165860384,Lamivudine Pathway,lamivudine,"ABCB1, ABCC1, ABCC2, ABCC3, ABCC4, ABCG2, CHPT1, CMPK1, DCK, NME1, NME2, NT5C, PCYT1A, PCYT2, PGK1, SLC22A1, SLC22A2, SLC22A3",1,1
PA165859361,Zidovudine Pathway,zidovudine,"ABCB1, ABCC4, ABCC5, ABCG2, CYP2A6, CYP2C9, CYP2E1, CYP3A4, DTYMK, NME1, NME2, POR, SLC22A11, SLC22A6, SLC22A7, SLC22A8, SLC28A1, SLC28A3, TK1, UGT2B7",1,1
PA165816736,Celecoxib Pathway,celecoxib,"ADH1A, ADH1B, CYP2C9, CYP2D6, CYP3A4",0,1
PA165948259,Metformin Pathway,metformin,"SLC22A1, SLC22A2, SLC22A3, SLC29A4, SLC47A1, SLC47A2",0,1
PA165946349,Tramadol Pharmacokinetics,tramadol,"ABCC2, CYP2B6, CYP2D6, CYP3A4, SLC22A1, UGT1A8, UGT2B7",0,1
PA165950411,Nevirapine Pathway,nevirapine,"ABCC10, CYP2B6, CYP2C9, CYP2D6, CYP3A4, CYP3A5",1,1
PA165948566,Metformin Pathway,metformin,"ACACA, ACACB, ATM, CRTC2, CYP3A4, GPAM, HMGCR, IRS1, MLXIPL, MLYCD, MTOR, NDUFA1, NDUFA11, NDUFA2, NDUFAB1, NDUFB4, NDUFS1, NDUFS2, NDUFS4, NDUFS6, NDUFV1, NR1I2, PPARGC1A, PRKAA1, PRKAA2, PRKAB1, PRKAB2, PRKAG1, PRKAG2, PRKAG3, RPTOR, SIRT1, SLC22A3, SLC2A4, SREBF1, STK11",1,0
PA165947317,Leukotriene modifiers pathway,"montelukast, pranlukast, zafirlukast, zileuton","ALOX5, ALOX5AP, CYSLTR1, GGT1, LTA4H, LTB4R, LTC4S, PLA2G4A",1,0
PA166153178,Ivacaftor pathway,"chloride, hydroxymethyl ivacaftor, ivacaftor, ivacaftor carboxylate, lumacaftor","ABCB1, CFTR, CYP3A, CYP3A4, CYP3A5, SLCO1B1",0,0
PA165292164,Doxorubicin Pathway (Cardiomyocyte Cell),"7-deoxydoxorubicinone, calcium, dexrazoxane, doxorubicin, doxorubicinol, iron(2+), reactive nitrogen species, reactive oxygen species","ACO1, AKR1A1, AKR1C3, ATP2A2, ATP5C1P1, ATP5F1A, ATP5F1B, ATP5F1C, ATP5F1D, ATP5F1E, ATP5ME, ATP5PB, ATP5PD, CBR1, CBR3, CYBA, CYCS, NCF4, NOS1, NOS2, NOS3, RAC2, RYR2, TOP2B",1,0
PA166163661,Clozapine Pathway,"ciprofloxacin, clozapine, clozapine 5-N-glucuronide, clozapine N+ glucuronide, clozapine n-oxide, desmethylclozapine glucuronide, fluvoxamine, n-desmethylclozapine","ABCB1, ABCC1, ABCG2, CYP1A2, CYP2C19, CYP2C9, CYP2D6, CYP2E1, CYP3A4, CYP3A43, CYP3A5, FMO3, SLC22A1, SLC22A2, SLC22A3, UGT1A1, UGT1A3, UGT1A4, UGT2B10",0,1
PA166178331,Nilotinib Pathway,"nilotinib, nilotinib carboxylic acid, nilotinib n-oxide","ABCB1, ABCG2, ABL1, BCR, CYP2C8, CYP2C9, CYP2D6, CYP3A4, KIT, PDGFRA, PDGFRB, UGT1A1",0,0
PA165959313,Valproic Acid Pathway,valproic acid,"ABAT, ALDH5A1, CACNA1C, CACNA1D, CACNA1F, GOT1, GOT1L1, GOT2, GOT2L3, GOT2P1, GOT2P2, HDAC1, HDAC11, HDAC9, OGDH, SUCLA2, SUCLA2P, SUCLG1, SUCLG2",1,0
PA164713427,Imatinib Pathway,"AFN911, desmethylimatinib, hydroxyimatinib metabolites, imatinib, imatinib (piperidine)-n-oxide, imatinib (pyridine)-n-oxide","ABCB1, ABCG2, ABL1, BCR, CYP1A1, CYP1B1, CYP2C8, CYP3A4, CYP3A5, CYP4F2, CYP4F3, FMO3, KIT, SLC22A1",1,1
PA165959584,Sorafenib Pharmacodynamics,sorafenib,"AKT1, BRAF, FGFR1, FLT1, FLT3, FLT4, HRAS, KDR, KIT, KRAS, MAP2K1, MAP2K2, MAPK1, MAPK3, NRAS, PDGFRB, PIK3C2A, PIK3C2B, PIK3CA, PIK3CB, PIK3CD, PIK3CG, PIK3R1, PIK3R2, PIK3R3, RAF1, RET",1,0
PA165960076,Clomipramine Pathway,clomipramine,"CYP1A2, CYP2C19, CYP2D6, CYP3A4",0,1
PA165981686,Doxepin Pathway,doxepin,"CYP1A2, CYP2C19, CYP2C9, CYP2D6, CYP3A4",0,1
PA165971634,Pentose Phosphate Pathway (Erythrocyte),"6-phosphogluconate, 6-phosphogluconolactone, adenine, adenosine diphosphate, fructose-6-phosphate, glucose, glucose-6-phosphate, nicotinamide adenine dinucleotide phosphate, phosphoribosyl pyrophosphate, reduced nicotinamide adenine dinucleotide phosphate, ribose phosphate, ribulose-5-phosphate","G6PD, GPI, HK1, PGD, PGLS, SLC2A1",1,0
PA165959537,Sorafenib Pharmacokinetics,sorafenib,"CYP2B6, CYP2C8, CYP2C9, CYP3A4, UGT1A1, UGT1A9",0,1
PA165986279,Acetaminophen Pathway (therapeutic doses),"acetaminophen, ethanol, isoniazid, phenobarbital, phenytoin","ABCC2, ABCC3, ABCC4, ABCG2, CYP1A2, CYP2A6, CYP2D6, CYP2E1, CYP3A4, GSTM1, GSTP1, GSTT1, SULT1A1, SULT1A3, SULT1A4, SULT1E1, SULT2A1, UGT1A1, UGT1A6, UGT1A9, UGT2B15",0,1
PA165980399,Oxidative Stress Regulatory Pathway (Erythrocyte),"methylene blue, rasburicase, vitamin c","CAT, GPX1, GSR, PRDX2, SOD1, TXN, TXNRD1",1,0
PA165964265,Valproic Acid Pathway,"2,3-diene valproic acid-coenzyme A, 2,4-diene valproic acid-coenzyme A, 2-ene valproic acid, 2-ene valproic acid-coenzyme A, 3-ene valproic acid-coenzyme A, 3-hydroxy valproic acid, 3-hydroxy valproic acid-coenzyme A, 3-oxo-valproic acid-coenzyme A, 4-ene valproic acid, 4-ene valproic acid-coenzyme A, 4-hydroxy valproic acid, 5-hydroxy valproic acid, c3-coenzyme A, c5-coenzyme A, glutathione, thiol conjugates of valproic acid, valproate glucuronide, valproic acid, valproic acid-coenzyme A, valproic acid-dephosphocoenzyme A","ACADSB, CYP2A6, CYP2B6, CYP2C9, ECH1, HSD17B10, IVD",0,1
PA165984799,Diuretics Pathway,"amiloride, eplerenone, sulfonamides, plain, Thiazides, plain, triamterene","ADD1, ARNT, ARRB2, ATP1A1, BSND, CLCNKA, CLCNKB, FXYD2, GRK2, GRK3, KCNJ1, MAPK1, MAPK3, NEDD4L, OXSR1, PPP2CA, PRKAA2, PRKCE, SCNN1A, SCNN1B, SCNN1G, SGK1, SLC12A1, SLC12A3, STK39, WNK1, WNK3, WNK4, ZEB1",1,0
PA165980834,Methylene Blue Pathway,"methylene blue, riboflavin","BLVRB, CYB5A, CYB5R3, G6PD",1,0
PA165964832,Mycophenolic acid Pathway,"mycophenolate mofetil, mycophenolic acid","ABCC2, CES1, CES2, CYP2C8, CYP3A4, CYP3A5, IMPDH1, IMPDH2, UGT1A10, UGT1A7, UGT1A8, UGT1A9, UGT2B7",1,1
PA145011119,Tamoxifen Pathway,tamoxifen,"CYP1A2, CYP2B6, CYP2C19, CYP2C9, CYP2D6, CYP3A4, CYP3A5, FMO1, FMO3, SULT1A1, SULT1E1, SULT2A1, UGT1A10, UGT1A3, UGT1A4, UGT1A8, UGT2B15, UGT2B7",0,1
PA145011120,Aromatase Inhibitor Pathway (Breast Cell),"anastrozole, exemestane, letrozole","CYP19A1, ESR1, ESR2, HSD17B1",1,1
PA145011117,Aromatase Inhibitor Pathway (Multiple Tissues),Enzyme inhibitors,"CYP19A1, HSD17B1, STS, SULT1A1, SULT1E1",1,0
PA145011108,Statin Pathway - Generalized,hmg coa reductase inhibitors,"ABCB1, ABCB11, ABCC2, ABCG2, CYP2C19, CYP2C8, CYP2C9, CYP2D6, CYP3A4, CYP3A5, SLC15A1, SLC22A6, SLC22A8, SLCO1A2, SLCO1B1, SLCO1B3, SLCO2B1, UGT1A1, UGT1A3, UGT2B7",0,1
PA145011113,Warfarin Pathway,"10-hydroxy r-warfarin, 4-hydroxywarfarin, 6-hydroxy r-warfarin, 6-hydroxy s-warfarin, 7-hydroxy r-warfarin, 7-hydroxy s-warfarin, 8-hydroxy r-warfarin, dehydrowarfarin, warfarin","ABCB1, CYP1A1, CYP1A2, CYP2C18, CYP2C19, CYP2C8, CYP2C9, CYP3A4",0,1
PA145011118,Estrogen Metabolism Pathway,,"COMT, CYP19A1, CYP1A1, CYP1A2, CYP1B1, CYP3A, HSD17B1, SULT1A1, SULT1E1, SULT2A1, UGT1A1, UGT1A3, UGT1A4, UGT1A8, UGT1A9, UGT2B7",0,1
PA2042,Sympathetic Nerve Pathway (Neuroeffector Junction),"Alpha-adrenoreceptor antagonists, Beta blocking agents, non-selective, Beta blocking agents, selective, brimonidine, clonidine, desipramine, disulfiram, dobutamine, dopamine, epinephrine, fenoterol, formoterol, isoproterenol, methoxamine, norepinephrine, phenylephrine, ritodrine, salbutamol, salmeterol, terbutaline, yohimbine","ADM, ADRA1A, ADRA1B, ADRA1D, ADRA2A, ADRA2B, ADRA2C, ADRB1, ADRB2, CACNA1A, CACNA1B, CACNA1C, CACNA1D, DBH, GPR182, NPY, NPY1R, NPY2R, PYY, SLC18A1, SLC18A2, SLC22A3, SLC6A2",1,0
PA2023,ACE Inhibitor Pathway,"Ace Inhibitors, Plain, aldosterone, angiotensin 1-5, angiotensin 1-7, angiotensin 1-9, angiotensin I, angiotensin II, bradykinin, calcium","ACE, ACE2, AGT, AGTR1, AGTR2, ATP6AP2, BDKRB1, BDKRB2, CMA1, CTSG, CYP11B2, KNG1, MAPK1, MAPK3, MAS1, MME, NOS3, NR3C2, REN, TGFB1",1,0
PA2024,Beta-agonist/Beta-blocker Pathway,"atenolol, carvedilol, epinephrine, fenoterol, formoterol, metoprolol, orciprenaline, pindolol, propranolol, salbutamol, salmeterol","ADCY1, ADCY2, ADCY3, ADCY4, ADCY5, ADCY6, ADCY7, ADCY8, ADCY9, ADRB2, ARRB1, ARRB2, CACNA1B, CACNA1C, CACNA1D, CACNA1S, CAVIN3, ELF2, GNAI1, GNAI2, GNAI3, GNAS, GNB1, GNB1L, GNB2, GNB3, GNB4, GNG2, GNG3, GNG4, GNG5, GNG7, GRK2, GRK3, ITPR1, MAPK1, PDE4A, PDE4B, PDE4C, PDE4D, PLCB1, PLCB2, PLCB3, PLCB4, PRKACA, PRKACB, PRKACG, PRKCA, PRKCB, PRKCD, PRKCE, PRKCG, PRKCH, PRKCQ, PRKCZ, RGS1, SLC9A1, SLC9A2, SLC9A3, SLC9A3P1, SLC9A3R1, SLC9A3R2, SLC9A4, SLC9A5, SLC9A6, SRC",1,0
PA2025,Etoposide Pathway,"dexamethasone, ergocalciferol, etoposide, etoposide catechol, etoposide glucuronide, etoposide quinone, glutathione conjugate, rifampin, xenobiotics","ABCB1, ABCC1, ABCC3, CYP3A4, CYP3A5, GSTP1, GSTT1, MPO, NR1I2, PTGS1, PTGS2, TOP2A, TOP2B, UGT1A1, VDR",1,1
PA2026,Glucocorticoid Pathway (HPA Axis),,"CRH, CRHR1, CRHR2, POMC, UCN, UCN2, UCN3",1,0
PA2027,Glucocorticoid Pathway (Peripheral Tissue),"budesonide, cortisone acetate, dexamethasone, glucocorticoids, mifepristone, prednisone","CREBBP, FKBP4, HSP90AA1, HSPA4, NCOA3, NR3C1, SERPINA6, ST13, TBP",1,0
PA2028,Glucocorticoid Pathway - Transcription Regulation,"budesonide, cortisone acetate, dexamethasone, glucocorticoids, mifepristone, prednisone",,1,0
PA2029,Irinotecan Pathway,"irinotecan, SN-38","ABCB1, ABCC2, ABCG2, BCHE, CES1, CES2, TOP1, UGT1A1, UGT1A10, UGT1A3, UGT1A4, UGT1A6, UGT1A8, UGT1A9",1,1
PA2030,Sympathetic Nerve Pathway (Pre- and Post- Ganglionic Junction),"carbidopa, metyrosine, trimethaphan","ACHE, CACNA1A, CACNA1B, CACNA1C, CACNA1D, CACNA1E, CHAT, CHRNA7, DDC, SLC18A3, SLC5A7, TH",1,0
PA2031,Statin Pathway,hmg coa reductase inhibitors,"ABCB1, ABCG5, ABCG8, APOA1, APOA4, APOA5, APOB, APOC1, APOC2, APOC3, APOE, CYP7A1, DGAT1, FDFT1, HMGCR, LCAT, LDLR, LIPC, LPL, LRP1, MTTP, PLTP, SCARB1, SOAT1, SQLE",1,0
PA2032,VEGF Signaling Pathway,"aflibercept, axitinib, bevacizumab, brivanib, cilengitide, motesanib, sorafenib, sunitinib, vandetanib","AKT1, AKT2, AKT3, CRK, CSK, FGF2, FGFR1, FGFR1OP, FGFR1OP2, FGFR2, FGFR3, FGFR3P1, FGFR4, FGFRL1, FLT1, HRAS, ITGAV, ITGB3, ITGB5, KDR, KRAS, MAP2K1, MAP2K2, MAP2K3, MAP2K4, MAP2K5, MAP2K6, MAP2K7, MAPK1, MAPK10, MAPK11, MAPK12, MAPK13, MAPK14, MAPK3, MAPK4, MAPK6, MAPK7, MAPK8, MAPK9, NOS3, NRAS, NRP1, PIGF, PIK3C2A, PIK3C2B, PLCG1, PLCG2, PRKCA, PRKCB, PRKCD, PRKCE, PRKCG, PRKCH, PRKCI, PRKCQ, PRKCZ, RAF1, TIMP3, VEGFA, VEGFB, VEGFC",1,0
PA2033,Antiarrhythmic Pathway,"amiodarone, antiarrhythmics, class i and iii, arsenic trioxide, cisapride, disopyramide, dofetilide, droperidol, flecainide, halofantrine, haloperidol, ibutilide, lidocaine, mesoridazine, methadone, mexiletine, pentamidine, pimozide, procainamide, propafenone, quinidine, sotalol, sparfloxacin, thioridazine, tocainide","ABCC8, ABCC9, ADRA1D, ADRA2A, ADRB1, ADRB2, ANK2, ATP1A1, ATP2A1, ATP2A2, CACNA1C, CACNA1D, CACNA1G, CACNA1H, CACNB2, CASQ1, CASQ2, CHRM2, DSP, FKBP1B, GJA1, GJA5, GJD3, HCN2, HCN4, JUP, KCNA5, KCNAB2, KCND3, KCNE1, KCNE2, KCNE3, KCNE4, KCNE5, KCNH2, KCNIP2, KCNJ11, KCNJ2, KCNJ3, KCNJ4, KCNJ5, KCNJ8, KCNK1, KCNK3, KCNQ1, LMNA, PLN, RYR2, SCN1B, SCN2B, SCN3B, SCN4B, SCN5A, SLC8A2, SLC8A3",1,0
PA2034,Cyclophosphamide Pathway,"3-dechloroethyl ifosfamide, 4-hydroxycyclophosphamide, aldophosphamide, chloroacetaldehyde, cyclophosphamide","CYP2A6, CYP2B6, CYP2C19, CYP2C8, CYP2C9, CYP3A4, CYP3A5",0,1
PA2035,Cyclophosphamide Pathway,"4-hydroxycyclophosphamide, 4-ketocyclophosphamide, acrolein, acrylic acid, alcophosphamide, aldophosphamide, carboxyphosphamide, chloroacetaldehyde, chloroacetic acid, chloroethyl aziridine, cyclophosphamide, glutathione, phosphoramide mustard, thioether product","ADH1A, ADH1B, ADH1C, ADH4, ADH5, ADH6, ADH7, AKR1A1, AKR1B1, AKR1B10, ALDH1A1, ALDH2, ALDH3A1, ALDH5A1, ERCC1, ERCC4, MGMT",1,1
PA2036,Gemcitabine Pathway,gemcitabine,"CDA, CMPK1, DCK, DCTD, NT5C, RRM1, RRM2, RRM2B, SLC28A1, SLC28A3, SLC29A1, SLC29A2",1,1
PA2037,Ifosfamide Pathway,"2-dechloroethyl ifosfamide, 3-dechloroethyl ifosfamide, 4-hydroxyifosfamide, acrolein, aldoifosfamide, carboxyifosfamide, chloroacetaldehyde, ifosfamide, isophosphoramide mustard","ALDH1A1, CYP2A6, CYP2B6, CYP2C8, CYP2C9, CYP3A4, CYP3A5",0,1
PA2038,Ifosfamide Pathway,,"ADH1A, ADH1B, ADH1C, ADH4, ADH5, ADH6, ADH7, AKR1A1, AKR1B1, AKR1B10, ALDH1A1, ALDH2, ALDH3A1, GSTP1",1,1
PA2039,Methotrexate Pathway (Cancer Cell),"10-formyltetrahydrofolate, 5,10-methenyltetrahydrofolate, 5,10-methylenetetrahydrofolate, adenosine, adenosine diphosphate, adenosine monophosphate, adenosine triphosphate, cyanocobalamin, cystathionine, deoxythymidine monophosphate, deoxyuridine monophosphate, dihydrofolic acid, glycine, homocysteine, hypoxanthine, inosine, inosine monophosphate, l-serine, leucovorin, levomefolic acid, methionine, methotrexate, methotrexate glutamate, methotrexate polyglutamate, s-adenosylhomocysteine, s-adenosylmethionine, tetrahydrofolic acid","ADA, ATIC, CBS, DHFR, FPGS, GART, GGH, MTHFD1, MTHFR, MTHFS, MTR, MTRR, PPAT, SHMT1, TYMS",1,1
PA2040,Thiopurine Pathway,"6-methylmercaptopurine riboside, 8-hydroxythioguanine, azathioprine, deoxy-thioguanosine diphosphate, deoxy-thioguanosine monophosphate, deoxy-thioguanosine triphosphate, mercaptopurine, mercaptopurine riboside, methyl-thioguanosine monophosphate, methyl-thioinosine monophosphate, methylmercaptopurine, phosphoribosyl pyrophosphate, phosphoribosylamine, ribose phosphate, ribosylthioguanine, s-adenosylhomocysteine, s-adenosylmethionine, thioguanine, thioguanosine diphosphate, thioguanosine monophosphate, thioguanosine triphosphate, thioinosine monophosphate, thioinosine triphosphate, thiouric acid, thioxanthine, thioxanthine monophosphate","ABCC4, ABCC5, ADK, AOX1, GDA, GMPS, GSTA1, GSTA2, GSTM1, HPRT1, IMPDH1, ITPA, NME1, NME2, NT5C2, NUDT15, PPAT, PRPS1, RAC1, RRM1, RRM2, SLC28A2, SLC28A3, SLC29A1, SLC29A2, TPMT, XDH",1,1
PA2001,Irinotecan Pathway,"APC, irinotecan, irinotecan M4, NPC, SN-38, SN-38 glucuronide","ABCB1, ABCC1, ABCC2, ABCC5, ABCG1, ABCG2, BCHE, CES1, CES2, CYP3A4, CYP3A5, SLCO1B1, UGT1A1, UGT1A10, UGT1A6, UGT1A7, UGT1A9",0,1
PA2011,Nicotine Pathway,"3-hydroxycotinine, 3-hydroxycotinine glucuronide, 5-hydroxycotinine, cotinine, cotinine glucuronide, cotinine n-oxide, nicotine, nicotine glucuronide, nicotine iminium ion, nicotine n-oxide, norcotinine, nornicotine","AOX1, CYP2A13, CYP2A6, CYP2B6, FMO3, UGT1A1, UGT1A4, UGT1A9, UGT2B10, UGT2B15, UGT2B4, UGT2B7",0,1
PA146123006,Codeine and Morphine Pathway,"codeine, codeine-6-glucuronide, morphine, morphine-3-glucuronide, morphine-6-glucuronide, norcodeine, normorphine","ABCB1, ABCC2, ABCC3, CYP2C8, CYP2D6, CYP3A4, SLC22A1, UGT1A1, UGT1A10, UGT1A3, UGT1A8, UGT1A9, UGT2B15, UGT2B17, UGT2B4, UGT2B7",0,1
PA152241951,Celecoxib Pathway,"antiinflammatory and antirheumatic products, non-steroids, celecoxib","AKR1C3, AKT1, ATP2A1, ATP2A2, ATP2A3, BCAR1, CA12, CA9, CACNA1A, CACNA1B, CACNA1C, CACNA1D, CACNA1E, CACNA1F, CACNA1G, CACNA1H, CACNA1I, CACNA1S, CACNA2D1, CACNA2D2, CACNA2D3, CACNA2D4, CACNB1, CACNB2, CACNB3, CACNB4, CASP3, CASP9, CDKN1A, CDKN1B, CTNNB1, DDIT3, HPGDS, IGFBP3, KCNQ1, KCNQ2, KCNQ3, KCNQ4, KCNQ5, MMP9, PDK1, PLA2G2A, PLA2G4A, PPARG, PTGDR, PTGER1, PTGER2, PTGER3, PTGER4, PTGES, PTGFR, PTGIR, PTGIS, PTGS1, PTGS2, TBXA2R, TBXAS1, VEGFA",1,1
PA150642262,Platinum Pathway,Platinum compounds,"ABCC2, ABCG2, ATP7A, ATP7B, ERCC1, ERCC2, ERCC3, ERCC4, ERCC6, GSTM1, GSTP1, GSTT1, HMGB1, MLH1, MPO, MSH2, MSH6, MT1A, MT2A, NQO1, PMS2, POLB, POLH, POLM, REV3L, SLC31A1, SMARCA1, SOD1, XPA",1,1
PA150653776,Fluoropyrimidine Pathway,"5'-deoxy-5-fluorocytidine, 5'-deoxy-5-fluorouridine, 5'-hydroxytegafur, capecitabine, dihydrofluorouracil, floxuridine, fluoro-beta-alanine, fluoro-beta-ureidopropionate, fluorodeoxyuridine diphosphate, fluorodeoxyuridine monophosphate, fluorodeoxyuridine triphosphate, fluorouracil, fluorouridine, fluorouridine diphosphate, fluorouridine monophosphate, fluorouridine triphosphate, tegafur","ABCC3, ABCC4, ABCC5, ABCG2, CDA, CES1, CES2, CYP2A6, DPYD, DPYS, PPAT, RRM1, RRM2, SLC22A7, SLC29A1, TK1, TYMP, TYMS, UCK1, UCK2, UMPS, UPB1, UPP1, UPP2",0,1
PA150981002,Vinka Alkaloid Pathway,vincristine,"ABCB1, ABCC1, ABCC10, ABCC2, ABCC3, BAX, BCL2, CYP3A4, CYP3A5, RALBP1",1,1
PA152325160,Gefitinib Pathway,"gefitinib, gefitinib M387783, gefitinib M523595, gefitinib M537194","ABCB1, ABCC10, ABCG2, CYP1A1, CYP2D6, CYP3A4, CYP3A5, EGFR, UGT1A1, UGT1A7, UGT1A9, UGT2B7",0,1
PA152530845,Proton Pump Inhibitor Pathway,Proton pump inhibitors,"ADCY1, ADCY2, ADCY3, ADCY4, ADCY5, ADCY6, ADCY7, ADCY8, ADCY9, AKAP1, AKAP2, AKT3, ATP4A, ATP4B, CASR, CCKBR, CHRM3, GNAS, HRH2, PDE3A, PIK3C2A, PIK3C2B, PIK3R5, PLCB1, PLCB2, PLCB3, PLCB4, PLCD1, PLCD3, PLCD4, PLCE1, PLCG1, PLCG2, PLCH1, PLCH2, PLCL1, PLCL2, PLCZ1, PRKCA, PRKCB, PRKCG, PRKCH, PRKCI, PRKCZ, PRKD1, SSTR2",1,0
PA153627758,Anti-diabetic Drug Potassium Channel Inhibitors Pathway,"nateglinide, repaglinide, sulfonamides, urea derivatives","ABCC8, AKT1, CACNA1A, CACNA1C, CACNA1D, GCK, HNF1A, HNF1B, HNF4A, INS, INSR, IRS1, IRS2, ISL1, KCNJ11, MAFA, NEUROD1, PDX1, PIK3C2A, PIK3CA, PIK3CB, PIK3CD, PIK3CG, PIK3R1, PIK3R2, PIK3R3, PIK3R5, SLC2A2",1,0
PA153627759,Anti-diabetic Drug Repaglinide Pathway,repaglinide,"CYP2C8, CYP3A4, SLCO1B1",1,1
PA154423659,Anti-diabetic Drug Nateglinide Pathway,nateglinide,"CYP2C9, CYP3A4, SLCO1B1",0,1
PA154424674,Clopidogrel Pathway,"2-oxo-clopidogrel, clopidogrel, clopidogrel acyl glucuronide, clopidogrel carboxylic acid, clopidogrel endo-thiol, clopidogrel thiol metabolite H2, clopidogrel thiol metabolite H3, clopidogrel thiol metabolite H4, glutathione","ABCB1, CES1, CYP1A2, CYP2B6, CYP2C19, CYP3A4, P2RY12, PON1, UGT2B4, UGT2B7",0,1
PA154423660,Bisphosphonate Pathway,,"CDC42, FDFT1, FDPS, HMGCR, HMGCS1, HRAS, KRAS, MRAS, NRAS, RAB1A, RAC1, RAC2, RAC3, RAP1A, RHOA, RRAS, SQLE",1,1
PA154444041,Platelet Aggregation Inhibitor Pathway,"abciximab, aspirin, clopidogrel, eptifibatide, prasugrel, ticlopidine, tirofiban","ADCY3, CD36, COL1A1, COL1A2, COL3A1, COL4A1, COL4A2, CYP1A2, CYP2B6, CYP2C19, CYP2C9, CYP3A4, CYP3A5, F2, F2R, F2RL3, FGA, FGB, FGG, GNA11, GNA12, GNA13, GNA15, GNAI1, GNAI2, GNAI3, GNAQ, GNAS, GNB3, GP1BB, GP5, GP6, GP9, ITGA2, ITGA2B, ITGB3, P2RX1, P2RY1, P2RY12, PLA2G2A, PLA2G4A, PLA2G4B, PLCB1, PLCG2, PTGDR, PTGER2, PTGIR, PTGS1, TBXA2R, TBXAS1, VWF",1,0
PA155028030,Tenofovir/Adefovir Pathway,"adefovir dipivoxil, tenofovir","ABCC10, ABCC4, AK2, AK4, NME1, NME2, SLC22A6, SLC26A8",1,1
PA154426903,Erlotinib Pathway,"erlotinib, OSI-420","ABCB1, ABCG2, CYP1A1, CYP1A2, CYP3A4, CYP3A5, EGFR, UGT1A1",0,1
PA154426155,Taxane Pathway,"docetaxel, paclitaxel","ABCB1, ABCC1, ABCC2, ABCG2, CYP1B1, CYP2C8, CYP3A4, CYP3A5, MAP2, MAP4, MAPT, NR1I2, SLCO1B3",1,1
PA161749006,Selective Serotonin Reuptake Inhibitor Pathway,"citalopram, fluoxetine, fluvoxamine, paroxetine, sertraline","ADCY1, ADCY2, DDC, GNAI1, GNAI2, GNAI3, GNAQ, GNAS, HTR1A, HTR1B, HTR1D, HTR1E, HTR1F, HTR2A, HTR2C, HTR3A, HTR4, HTR6, HTR7, MAOA, PLCB1, PLCB2, PLCB3, PLCB4, SLC18A2, SLC6A4, TPH1, TPH2",1,0
PA161749012,Fluoxetine Pathway,fluoxetine,"CYP2C19, CYP2C9, CYP2D6, CYP3A4, CYP3A5",0,1
PA162355620,Nicotine Pathway (Chromaffin Cell),nicotine,"CACNA1C, CACNA1G, CHRNA3, CHRNB4",1,0
PA162355621,Nicotine Pathway (Dopaminergic Neuron),nicotine,"ADCY2, CDK5, CHRNA3, CHRNA4, CHRNA5, CHRNA6, CHRNB2, DDC, DRD2, DRD3, DRD4, GNAI1, GNB1, GNG2, KCNK3, KCNK9, PPP1CA, PPP1R1B, PRKACA, SEC22A, SEC22B, SLC18A2, SNAP25, STX10, STX11, STX12, STX16, STX17, STX18, STX19, STX1A, STX1B, STX2, STX3, STX4, STX5, STX6, STX7, STX8, TH, VAMP1, VAMP2, VAMP3, VAMP4, VAMP5, VAMP8, YKT6",1,0
PA162359940,Imipramine/Desipramine Pathway,"desipramine, imipramine","CYP1A2, CYP2C19, CYP2D6, CYP3A4",0,1
PA164713428,Losartan Pathway,losartan,"AGTR1, CYP2C9, CYP3A4, UGT1A1, UGT2B7",0,1
PA166170503,Atazanavir Pathway,"atazanavir, atazanavir M1, atazanavir M2, atazanavir M3, atazanavir M4, atazanavir M5","CYP3A4, CYP3A5, UGT1A1",0,0
PA164713429,Citalopram and Escitalopram Pathway,"citalopram, citalopram propionic acid, citalopram-n-oxide, demethylcitalopram, didesmethylcitalopram, escitalopram","ABCB1, CYP2C19, CYP2D6, CYP3A4",0,1
PA145011115,Phenytoin Pathway,"fosphenytoin, hydroxyphenytoin, hydroxyphenytoin glucuronide, phenytoin, phenytoin arene-oxide, phenytoin catechol, phenytoin dihydrodiol, phenytoin methylcatechol, phenytoin quinone","ALPL, COMT, CYP1A2, CYP2A6, CYP2C19, CYP2C8, CYP2C9, CYP2D6, CYP2E1, CYP3A4, CYP3A5, CYP3A7, EPHX1, NQO1, PTGIS, TBXAS1, UGT1A1, UGT1A4, UGT1A6, UGT1A9, UGT2B15",0,1
PA145011109,Atorvastatin Pathway,"2-hydroxyatorvastatin, 2-hydroxyatorvastatin lactone, 4-hydroxyatorvastatin, 4-hydroxyatorvastatin lactone, atorvastatin, atorvastatin acyl glucuronide, atorvastatin lactone","ABCB1, ABCC2, ABCG2, CYP2C8, CYP3A4, CYP3A5, PON1, PON3, SLCO1B1, UGT1A1, UGT1A3, UGT2B7",0,1
PA145011111,Fluvastatin Pathway,"5-hydroxyfluvastatin, 6-hydroxyfluvastatin, desisopropyl-dihydro-fluvastatin, fluvastatin","ABCC2, ABCG2, CYP1A1, CYP2C8, CYP2C9, CYP2D6, CYP3A4, SLCO1B1, SLCO2B1",0,1
PA145011112,Rosuvastatin Pathway,"n-desmethyl rosuvastatin, rosuvastatin, rosuvastatin acyl glucuronide, rosuvastatin lactone","ABCB11, ABCC2, ABCG2, CYP2C19, CYP2C9, SLC10A1, SLCO1B1, SLCO1B3, SLCO2B1, UGT1A1, UGT1A3",0,1
PA145011110,Pravastatin Pathway,"3'alpha-isopravastatin, 3-hydroxy-pravastatin, 6'-epipravastatin, pravastatin, pravastatin dihydrodiol","ABCB1, ABCB11, ABCC2, ABCC3, ABCG2, SLC22A6, SLC22A8, SLCO1B1, SLCO1B3, SLCO2B1",0,1
PA165958541,Theophylline Pathway,"1,3,7-trimethyluric acid, 1-methyluric acid, 1-methylxanthine, 3-methylxanthine, caffeine, theophylline","CYP1A2, CYP2E1, CYP3A4, XDH",0,1
PA166163407,Pazopanib Pathway,"pazopanib, pazopanib M24, pazopanib M26, pazopanib M27","ABCB1, ABCG2, CYP1A2, CYP2C19, CYP2C9, CYP2D6, CYP3A4, FLT1, FLT4, KDR, KIT, PDGFRA, PDGFRB, SLC22A2, SLC47A1, SLC47A2, SLCO1B1, SLCO1B3, UGT1A1",0,0
PA166163647,Amitriptyline and Nortriptyline Pathway,"amitriptyline, amitriptyline n-glucuronide, amitriptylinoxide, desmethylnortriptyline, hydroxyamitriptyline, hydroxynortriptyline, nortriptyline, oxonortriptyline","ABCB1, AKR1C1, AKR1C2, CYP1A2, CYP2C19, CYP2C8, CYP2C9, CYP2D6, CYP3A4, FMO3, UGT1A3, UGT1A4, UGT2B10",0,0
PA166170742,Antipsychotics Pathway (Metabolic Side Effects),"antipsychotics, dopamine","AGRP, ANKK1, CARTPT, DRD2, GHRL, GHSR, HTR2C, INS, INSIG2, LEP, LEPR, MC4R, NPY, NPY1R, NPY2R, POMC, PRL, PYY, SNAP25, TH",0,0
PA166178011,Bosutinib Pathway,"bosutinib, desmethylbosutinib, ketoconazole","ABCB1, ABL1, BCR, CYP3A4, SRC",0,0
PA166104634,Abacavir Pathway,abacavir,"ADH1A, ADH1B, ADH1C, ADK, CKB, CKM, GUK1, NME1, NME2, PCK1, PGK1, PKLR, PKM",1,1
PA166178009,Crizotinib Pathway,"crizotinib, crizotinib M10, inositol 1,4,5-trisphosphate","ABCB1, AKT1, AKT2, AKT3, ALK, AOX1, ARAF, BAD, BRAF, CYP3A4, CYP3A5, EML4, HRAS, JAK3, JUN, JUNB, KRAS, MAP2K1, MAP2K2, MAPK1, MAPK3, MET, MTOR, NPM1, NRAS, PDGFRB, PIK3C2A, PIK3C2B, PLCG1, PLCG2, RAF1, ROS1, RPS6KB1, SLCO1B1, SLCO1B3, STAT3, STAT5A, STAT5B",0,0
PA166178200,Ponatinib Pathway,"n-desmethyl ponatinib, n-oxide ponatinib, ponatinib, ponatinib M14","ABCB1, ABCG2, ABL1, BCR, CYP2C8, CYP2D6, CYP3A4, CYP3A5",0,0
PA166179270,Carvedilol Pathway,"4'-hydroxyphenyl carvedilol, 5'-hydroxyphenyl carvedilol, 8-hydroxycarvedilol, carvedilol, carvedilol glucuronide, o-desmethyl carvedilol","ABCB1, ABCC2, CYP1A2, CYP2C9, CYP2D6, CYP2E1, CYP3A4, SLCO1A2, UGT1A1, UGT2B4, UGT2B7",0,0
PA166160640,Voriconazole Pathway,"4-hydroxyvoriconazole, 4-hydroxyvoriconazole 4-o-glucuronide, dihydroxyvoriconazole, dihydroxyvoriconazole o-glucuronide, hydroxyvoriconazole, hydroxyvoriconazole o-glucuronide, voriconazole, voriconazole n-oxide","CYP2C19, CYP2C9, CYP3A4, FMO1, FMO3, FMO5, UGT1A4",0,0
PA166115250,Gemtuzumab ozogamicin Pathway,"gemtuzumab ozogamicin, glutathione","ABCB1, ABCC1, ABCC2, AKT1, ATM, ATR, BAD, BAK1, BAX, BCL2, BCL2L1, CASP3, CASP9, CCNB1, CD33, CHEK1, CHEK2, CYCS, GADD45A, H2AFX, PARP1, PRKDC, XRCC4",1,1
PA166179273,Metoprolol Pathway,"alpha-hydroxymetoprolol, metoprolol, metoprolol acid, N-desisopropyl metoprolol, o-demethylmetoprolol","CYP2B6, CYP2C9, CYP2D6, CYP3A4",0,0
PA166179271,Atenolol Pathway,"apple juice, atenolol, orange juice","ABCB1, SLC22A1, SLC22A2, SLC22A6, SLC22A8, SLC47A1, SLC47A2, SLCO1A2, SLCO2B1",0,0
PA166114721,Uricosurics Pathway,"benzbromarone, indomethacin, losartan, probenecid, salicylic acid, sulfinpyrazone, tranilast, uric acid, vitamin c","ABCC4, ABCG2, LGALS9, PDZK1, SLC17A1, SLC17A3, SLC22A11, SLC22A12, SLC22A13, SLC22A6, SLC22A8, SLC2A9",0,0
PA166182962,Candesartan Pathway,"candesartan, candesartan cilexetil, o-desethyl candesartan","ABCB1, CYP2C9",0,0
PA166182313,Lidocaine Pathway,"2,6-dimethylphenylhydroxylamine, 2,6-xylidine, 3-hydroxylidocaine, 4-hydroxyxylidine, glycinexylidide, lidocaine, monoethylglycinexylidide","CES1, CYP1A2, CYP2A6, CYP2B6, CYP2D6, CYP2E1, CYP3A4",0,0
PA166041114,Ibuprofen Pathway,"ibuprofen, methotrexate, pravastatin","ABCC2, ABCC4, AMACR, CYP2C19, CYP2C8, CYP2C9, CYP3A4, SLC22A6, SLC22A8, SLC22A9, SLCO1B1, SLCO1B3, UGT1A3, UGT1A9, UGT2B17, UGT2B4, UGT2B7",0,1
PA166178361,Sunitinib Pathway,"didesethyl sunitinib, n-desethyl sunitinib, sunitinib, sunitinib n-oxide","ABCB1, ABCG2, CYP1A1, CYP1A2, CYP3A4, CYP3A5, FLT1, FLT3, FLT4, KDR, KIT, NR1I2, NR1I3, PDGFRA, PDGFRB",0,0
PA166014758,Venlafaxine Pathway,"desvenlafaxine, n,n,o-tridesmethyl venlafaxine, n,o-didesmethyl venlafaxine, n,o-didesmethyl venlafaxine glucuronide, n-desmethyl venlafaxine, o-desmethyl venlafaxine glucuronide, venlafaxine","ABCB1, CYP2C19, CYP2D6, CYP3A4, SLC6A2, SLC6A4",0,1
PA166121347,Paroxetine Pathway,paroxetine,"ABCB1, COMT, CYP1A2, CYP2C19, CYP2D6, CYP3A4, CYP3A5",0,1
PA166121942,Ibuprofen Pathway,ibuprofen,"AKR1B1, AKR1C3, CNR1, CNR2, FAAH, HPGDS, NOS1, NOS2, NOS3, PLA2G2A, PLA2G4A, PTGDR, PTGDR2, PTGDS, PTGER1, PTGER2, PTGER3, PTGER4, PTGES, PTGES2, PTGES3, PTGFR, PTGIR, PTGIS, PTGS1, PTGS2, TBXA2R, TBXAS1",1,0
PA165985892,Tacrolimus/Cyclosporine Pathway,"cyclosporine, tacrolimus","ATF2, ATF3, BATF, FKBP1A, FOS, FOSB, FOSL1, FOSL2, IL2, JDP2, JUN, JUNB, JUND, MAF, MAFA, MAFB, MAFF, MAFG, MAFK, MAP2K3, MAP2K4, MAP2K6, MAP2K7, MAP3K1, MAP3K11, MAP3K7, MAPK14, MAPK8, NFATC1, NFATC2, NFATC4, NFKB1, NFKB2, NRL, PPIA, PPP3CA, PPP3CB, PPP3CC, PPP3R1, PPP3R2, REL, RELA, RELB, TGFB1",1,0
PA165986114,Tacrolimus/Cyclosporine Pathway,"cyclosporine, tacrolimus","ABCB1, CYP3A4, CYP3A5",0,1
PA165980774,Uric Acid-Lowering Drugs Pathway,"allopurinol, febuxostat, fructose, pegloticase, rasburicase","KHK, SLC2A5, XDH",1,0
PA166151813,Isoniazid Pathway,,,0,0
PA166117881,Acetaminophen Pathway (toxic doses),"acetaminophen, acetylcysteine","ABCC2, ABCC3, ABCC4, ABCG2, CYP1A2, CYP2A6, CYP2D6, CYP2E1, GSTM1, GSTP1, GSTT1, SULT1A1, SULT1A3, SULT1A4, SULT1E1, SULT2A1, UGT1A1, UGT1A6, UGT1A9, UGT2B15",0,1
PA166126086,Peginterferon alpha-2a/Peginterferon alpha-2b Pathway (Hepatocyte),"peginterferon alfa-2a, peginterferon alfa-2b","ADAR, DDX58, EIF2AK2, IFNA2, IFNAR1, IFNAR2, IFNL3, IFNLR1, IL10RB, IRF3, IRF7, IRF9, JAK1, MAVS, MX1, OAS1, PIAS1, SOCS3, STAT1, STAT2, TYK2, USP18",1,0
PA166160731,Macrolide Antibiotic Pathway,"14-hydroxyclarithromycin, anhydroerythromycin, azithromycin, clarithromycin, desmethylerythromycin, erythromycin, n-desmethyl clarithromycin","ABCB1, ABCC2, CYP3A4, ORM1, SLCO1B1, SLCO1B3",0,0
PA166170927,Oxycodone Pathway,"6-alpha-noroxycodol, 6-beta-noroxycodol, 6alpha-oxycodol, 6alpha-oxymorphol, 6beta-oxycodol hydrochloride, 6beta-oxymorphol, noroxycodone, noroxycodone-glucuronide, noroxymorphone, oxycodone, oxycodone-glucuronide, oxymorphone, oxymorphone 3-glucuronide","CYP2D6, CYP3A, CYP3A4, UGT2B4, UGT2B7",0,0
PA166181117,Sertraline Pathway,"alpha-hydroxy sertraline ketone, alpha-hydroxy sertraline ketone glucuronide, desmethylsertraline, sertraline, sertraline carbamoyl-O-glucuronide","CYP2B6, CYP2C19, CYP2C9, CYP2D6, CYP2E1, CYP3A4, MAOA, MAOB, UGT1A3, UGT1A6, UGT2B4, UGT2B7",0,0
PA166183755,Lamotrigine Pathway,"lamotrigine, lamotrigine 2-n-glucuronide, lamotrigine 5-n-glucuronide, lamotrigine glutathione adduct, lamotrigine n2-oxide, lamotrigine-arene-oxide, N2-methyl lamotrigine","ABCB1, ABCC1, ABCC2, ABCC3, ABCC4, ABCG2, CYP2A6, CYP2D6, ESR1, NR1I2, NR1I3, SLC22A1, UGT1A3, UGT1A4, UGT2B7",0,0
PA166122732,Succinylcholine Pathway,succinylcholine,"ATP2A1, ATP2A2, BCHE, CACNA1S, CACNA2D1, CACNB1, CACNG1, CHRNA1, CHRNB1, CHRND, CHRNE, RYR1",1,1
PA166181140,Methylphenidate Pathway,"3,4-dihydroxyphenylacetaldehyde, 3,4-dihydroxyphenylglycolaldehyde, 3-methoxytyramine, 5-hydroxyindole-3-acetic acid, dopamine, l-tryptophan, l-tyrosine, methylphenidate, norepinephrine, normetanephrine, serotonin","ADRA2A, COMT, DBH, DRD1, DRD2, DRD3, DRD4, DRD5, HTR1A, HTR1B, MAOA, MAOB, SLC18A2, SLC6A2, SLC6A3, SLC6A4, TH, TPH2",0,0
PA166165039,Sirolimus Pathway,"12-hydroxy-sirolimus, 34-hydroxy-sirolimus, 39-o-desmethyl sirolimus, demethylated sirolimus metabolites, dihydro-sirolimus, hydroxylated sirolimus metabolites, piperidine-hydroxy-sirolimus, seco-sirolimus, sirolimus","ABCB1, AKT1S1, CYP2C8, CYP3A4, CYP3A5, DEPTOR, FKBP1A, HDAC1, MLST8, MTOR, PPARGC1A, RPS6KB1, RPTOR, TCF7L2, YY1",0,0
PA166181002,Methylphenidate Pathway,"6-oxo-methylphenidate, 6-oxo-ritalinic acid, methylphenidate, p-hydroxy-methylphenidate, p-hydroxy-ritalinic acid, p-hydroxy-ritalinic acid glucuoronide, ritalinic acid",CES1,0,0
PA166183426,Propranolol Pathway,"4-hydroxypropranolol, 4-hydroxypropranolol glucuronide, 4-hydroxypropranolol sulfate, n-desisopropylpropranolol, naphthoxylactic acid, propranolol, propranolol glucuronide","ALDH2, CYP1A2, CYP2D6, MAOA, SULT1A3, UGT1A10, UGT1A9, UGT2B4, UGT2B7",0,0
PA166221421,Hydrocodone pathway,"dihydrocodeine, dihydrocodeine-6-glucuronide, dihydroisocodeine, dihydroisomorphine, dihydroisomorphine-3-glucuronide, dihydromorphine, dihydromorphine-3-glucuronide, dihydromorphine-6-glucuronide, hydrocodone, hydromorphol n-oxide, hydromorphol-N-oxide-glucuronide, hydromorphone, hydromorphone n-oxide, Hydromorphone-3-glucuronide, hydromorphone-3-sulfate, hydromorphone-N-oxide-glucuronide, nordihydrocodeine, nordihydroisomorphine, nordihydromorphine, norhydrocodone, norhydromorphone","CYP2C9, CYP2D6, CYP3A, CYP3A4, SULT1A3, UGT1A3, UGT2B7",0,0
PA166227081,Cannabidiol Pathway,"1''-hydroxycannabidiol, 2''-hydroxycannabidiol, 3''-hydroxycannabidiol, 4''-hydroxycannabidiol, 5''-hydroxycannabidiol, 6alpha-hydroxycannabidiol, 6beta-hydroxycannabidiol, 7-carboxycannabidiol, 7-hydroxycannabidiol, cannabidiol, cannabidiol-O-glucuronide","CYP1A1, CYP1A2, CYP2C19, CYP2C9, CYP2D6, CYP3A4, CYP3A5, CYP3A7, UGT1A7, UGT1A9, UGT2B7",0,0
PA166228061,Pimozide Pathway,"5-hydroxypimozide, 6-hydroxypimozide, DHPBI, pimozide","ABCB1, CYP2D6, CYP3A4, CYP3A5, CYP3A7",0,0
PA166211461,Allopurinol Pathway,"allopurinol, allopurinol riboside, allopurinol ribotide, oxypurinol, oxypurinol 1-riboside, oxypurinol 7-riboside","AOX1, HPRT1, MOCOS, PNP, SLC22A11, SLC22A12, XDH",0,0
PA166241421,Lansoprazole Pathway,"5-hydroxylansoprazole, 5-hydroxylansoprazole sulfone, dexlansoprazole, lansoprazole, lansoprazole sulfide, lansoprazole sulfone","ABCB1, CYP2C19, CYP3A4",0,0
PA166225521,Pantoprazole Pathway,"4-demethyl pantoprazole, pantoprazole, pantoprazole sulfate, pantoprazole sulfide, pantoprazole sulfone","ABCB1, ABCG2, CYP2C19, CYP3A4",0,0
PA166227341,Rabeprazole Pathway,"desmethyl rabeprazole, desmethyl rabeprazole thioether, rabeprazole, rabeprazole sulfone, rabeprazole thioether","CYP2C19, CYP2D6, CYP3A4",0,0
PA152530846,Omeprazole and Esomeprazole Pathway,"3-hydroxyomeprazole, 5'-O-desmethylomeprazole, 5-hydroxyomeprazole, carboxyomeprazole, esomeprazole, hydroxyomeprazole sulfone, omeprazole, omeprazole sulfone, omeprazole sulfone n-oxide, r-omeprazole","ABCB1, CYP2C19, CYP3A4",0,1
PA166232762,Desflurane Pathway,"desflurane, fluoride, trifluoroacetic acid",CYP2E1,0,0
PA166232761,Enflurane Pathway,"2-(difluoromethoxy)-2,2-difluoroacetyl fluoride, difluoromethoxydifluoroacetic acid, enflurane, fluoride",CYP2E1,0,0
PA166233701,Halothane Pathway,"2-chloro-1,1,1-trifluoroethane, 2-chloro-1,1-difluoroethene, bromide, fluoride, halothane, trifluoroacetic acid, trifluoroacetyl chloride","CASP8, CYP2A6, CYP2E1, CYP3A4",0,0
PA166232741,Sevoflurane Pathway,"fluoride, hexafluoroisopropanol, hexafluoroisopropanol glucuronide, sevoflurane",CYP2E1,0,0
PA166234781,Methoxyflurane Pathway,"dichloroacetic acid, fluoride, methoxydifluoroacetic acid, methoxyflurane","CYP1A2, CYP2C9, CYP2D6, CYP2E1",0,0
PA166245161,Trimipramine Pathway,"2-hydroxydesmethyltrimipramine, 2-hydroxytrimipramine, desmethyltrimipramine, trimipramine","CYP2C19, CYP2C9, CYP2D6",0,0
PA166245301,Flurbiprofen Pathway,"3',4'-dihydroxyflurbiprofen, 3'-hydroxy-4'-methoxyflurbiprofen, 4'-hydroxyflurbiprofen, flurbiprofen, flurbiprofen glucuronide","CYP2C9, UGT1A9, UGT2B7",0,0
PA166245481,Meloxicam Pathway,"2-[(hydroxyacetyl)amino]-5- thiazolecarboxylic acid, 5'-carboxymeloxicam, 5'-hydroxymethylmeloxicam, 5-methylthiazol-2-ylcarbamoylcarboxylic acid, meloxicam","CYP2C9, CYP3A4",0,0
PA166245321,Lornoxicam Pathway,"5'-hydroxylornoxicam, lornoxicam",CYP2C9,0,0
PA166246401,Aripiprazole Pathway,"1-(2,3-dichlorophenyl)piperazine, aripiprazole, aripiprazole lauroxil, aripiprazole metabolite DM-1451, dehydroaripiprazole, formaldehyde, lauric acid, N-hydroxymethyl aripiprazole","ABCB1, ABCG2, CYP2D6, CYP3A4, CYP3A5",0,0
PA166246121,Oxcarbazepine Pathway,"10-monohydroxy oxcarbazepine, dihydroxycarbazepine, eslicarbazepine acetate, oxcarbazepine, oxcarbazepine glucuronide","AADAC, ABCB1, ABCC2, AKR1C1, AKR1C2, AKR1C3, AKR1C4, CBR1, CBR3, UGT1A9, UGT2B7",0,0
PA166248901,Heparin-induced Thrombocytopenia Pathway,heparin,"ACP1, BLK, CD4, F2, F3, FCGR1A, FCGR2A, FCGR3A, FGR, FRK, FYN, GPR65, HCK, HLA-DRA, HLA-DRB1, IGHG1, IGHG2, IGHG3, IGHG4, IGKC, IGKJ@, IGKV@, IGLC@, IGLJ@, IGLV@, IL10, ITGA2B, ITGB3, LCK, LYN, PECAM1, PF4, PTPRJ, SRC, TRA, TRB, UBASH3B, YES1",0,0
PA166246261,Isoflurane Pathway,"fluoride, isoflurane, trifluoroacetic acid",CYP2E1,0,0
PA166246241,Piroxicam Pathway,"5'-hydroxypiroxicam, desmethyl piroxicam, piroxicam, piroxicam glucuronide",CYP2C9,0,0
PA166246181,Siponimod Pathway,"siponimod, siponimod m3, siponimod m5","CYP2B6, CYP2C19, CYP2C8, CYP2C9, CYP3A4, S1PR1, S1PR3, S1PR5",0,0
PA166246961,Phenprocoumon Pathway,"4'-hydroxyphenprocoumon, 6-hydroxyphenprocoumon, 7-hydroxyphenprocoumon, phenprocoumon","CYP2C8, CYP2C9, CYP3A4",0,0
PA166247041,Acenocoumarol Pathway,"acenocoumarol, R-6-hydroxyacenocoumarol, R-7-hydroxyacenocoumarol, S-6-hydroxyacenocoumarol, S-7-hydroxyacenocoumarol","CYP1A2, CYP2C18, CYP2C19, CYP2C9",0,0
PA166254101,Aminoglycoside Ototoxicity Pathway,"amikacin, gentamicin, kanamycin, paromomycin, plazomicin, streptomycin, tobramycin","ARCN1, CDH23, CIB2, COPA, COPB1, COPB2, COPE, COPG1, COPG2, COPZ1, COPZ2, LHFPL5, LRTOMT, MT-RNR1, PCDH15, TMC1, TMC2, TMIE",0,0
PA166254481,In Progress: Cilostazol Pathway,"3,4-dehydrocilostazol, 4-hydroxycilostazol, cilostazol, trans-hydroxycilostazol","CYP2C19, CYP3A4, CYP3A5",0,1
PA166228062,In Progress: Febuxostat Pathway,"febuxostat, febuxostat 67M-1, febuxostat 67M-2, febuxostat 67M-4",ABCG2,0,1
PA166254861,In Progress: Paclitaxel Pathway,"3'-p-hydroxypaclitaxel, 6alpha-hydroxypaclitaxel, dihydroxypaclitaxel, paclitaxel","CYP2C8, CYP3A4",0,1
PA166254841,In Progress: Tamsulosin Pathway,"2-ethoxyphenoxyacetic acid, deethyltamsulosin, deethyltamsulosin glucuronide, deethyltamsulosin sulfate, demethyl tamsulosin glucuronide, tamsulosin, tamsulosin metabolite M-2, tamsulosin metabolite M-3","CYP2D6, CYP3A4",0,1
PA166248721,In Progress: Ziprasidone Pathway,"BITP, BITP sulfone, BITP sulfoxide, s-methyldihydroziprasidone, ziprasidone, ziprasidone sulfone, ziprasidone sulfoxide","AOX1, CYP3A4",0,1
PA166255081,In Progress: Pirfenidone Pathway,"5-carboxypirfenidone, 5-hydroxypirfenidone, pirfenidone","CYP1A2, CYP2C19, CYP2D6",0,1
PA166255921,In Progress: Remdesivir Pathway,"GS-441524, GS-441524 monophosphate, GS-443902, GS-704277, remdesivir","ADK, CES1, CTSA, HINT1, NME1, NT5E",0,1
PA166256121,In Progress: Propofol Pathway,"4-hydroxypropofol, 4-hydroxypropofol 1-glucuronide, 4-hydroxypropofol 4-glucuronide, 4-hydroxypropofol sulfate, propofol, propofol glucuronide","CYP2B6, CYP2C9, SULT1A1, UGT1A9",0,1
PA166254341,Simvastatin Pathway,"3'-hydroxysimvastatin, 3,5-dihydrodiol simvastatin, 6'-carboxy simvastatin, 6-exomethylenesimvastatin, 6-hydroxymethyl simvastatin, 6-hydroxymethyl simvastatin acid, simvastatin, simvastatin acid, simvastatin acyl glucuronide","ABCB1, ABCC2, CES1, CYP2C8, CYP3A, CYP3A4, CYP3A5, HMGCR, PON1, SLCO1B1, UGT1A1, UGT1A3",0,1
PA166254441,Lovastatin Pathway,"3""-hydroxy lovastatin, 6'-exomethylene lovastatin, 6'beta-hydroxylovastatin, lovastatin","ABCB1, CYP3A4, CYP3A5, SLCO1B1",0,1
PA166257001,Pitavastatin Pathway,"5-oxo pitavastatin, 8-hydroxy pitavastatin, pitavastatin, pitavastatin acyl glucuronide, pitavastatin lactone","ABCB1, ABCC3, ABCG2, CYP2D6, CYP3A4, SLCO1B1, SLCO1B3, UGT1A1, UGT1A3, UGT2B7",0,1
PA166264501,In Progress: Sofosbuvir Pathway,"GS-331007, GS-461203, GS-566500, GS-606965, sofosbuvir","CES1, CMPK1, CMPK2, CTSA, HINT1, UCK2",0,1
PA166265501,In Progress: Dextromethorphan Pathway,"3-hydroxymorphinan, 3-methoxymorphinan, dextromethorphan, dextrorphan, dextrorphan O-glucuronide","CYP2B6, CYP2D6, CYP3A4",0,1
PA166255221,Duloxetine Pathway,"4-hydroxy duloxetine, 4-hydroxy duloxetine glucuronide, 5-hydroxy duloxetine, 5-hydroxy, 6-methoxy duloxetine sulfate, 5-hydroxy-6-methoxy duloxetine, duloxetine","CYP1A2, CYP2D6",0,1
PA166255301,Vortioxetine Pathway,"4-hydroxy-phenyl vortioxetine, vortioxetine, vortioxetine benzoic acid, vortioxetine sulfoxide, vortioxetine sulfoxide glucuronide","AOX1, CYP2A6, CYP2C19, CYP2C8, CYP2C9, CYP2D6, CYP3A4, CYP3A5",0,1
PA166266381,In progress: Docetaxel Pathway,"docetaxel, docetaxel metabolite m1/m3, docetaxel metabolite m4","ABCB1, ABCC2, ABCG2, CYP3A4, CYP3A5, SLCO1B3",0,1
PA166267841,In Progress: Prasugrel Pathway,"prasugrel, prasugrel active metabolite R-138727, R-95913","CES2, CYP2B6, CYP2C19, CYP2C9, CYP3A4, CYP3A5",0,1
PA166267821,In Progress: Ticagrelor Pathway,"AR-C124910XX, AR-C133913XX, ticagrelor, ticagrelor O-glucuronide","ABCB1, CYP3A4, CYP3A5, SLCO1B1, UGT1A9",0,1
PA166266401,Acyclovir/Ganciclovir Pathway,"8-hydroxyacyclovir, acyclovir, acyclovir aldehyde, acyclovir diphosphate, acyclovir monophosphate, acyclovir triphosphate, carboxymethoxymethylguanine, ganciclovir, ganciclovir diphosphate, Ganciclovir Monophosphate, ganciclovir triphosphate","ABCC4, ABCG2, ADH1A, ALDH2, AOX1, GUK1, NUDT15, SLC22A1, SLC22A6, SLC22A7, SLC22A8, SLC47A1, SLC47A2",1,1
PA166270421,In Progress: Dolutegravir Pathway,"dolutegravir, dolutegravir glucuronide, dolutegravir M1","ABCB1, ABCG2, CYP3A4, SLC22A2, UGT1A1, UGT1A3, UGT1A9",0,1
PA166270721,In Progress: Abemaciclib Pathway,"abemaciclib, hydroxy-N-desethylabemaciclib, hydroxyabemaciclib, n-desethylabemaciclib","ABCB1, ABCG2, CYP3A4",0,1
PA166271121,In Progress: Dipyrone Pathway,"4-acetamidoantipyrine, 4-aminoantipyrine, 4-formylaminoantipyrine, 4-methylaminoantipyrine, dipyrone","CYP2C19, NAT2, PTGS1, PTGS2",1,1
PA166271241,In Progress: Hydralazine Pathway,"3-methyltriazolophthalazine, hydralazine, hydralazine acetone hydrazone, hydralazine pyruvic acid hydrazone, pyruvate",NAT2,0,1
PA166271341,In Progress: Sulfasalazine,"hydroxysulfapyridine, mesalazine, N-acetyl-5-aminosalicylic acid, N-acetylsulfapyridine, sulfapyridine, sulfasalazine","ABCG2, NAT1, NAT2",0,1
PA166271461,In Progress: Sulfamethoxazole Pathway,"4-nitrososulfamethoxazole, n-acetyl sulfamethoxazole, nitrosulfamethoxazole, sulfamethoxazole, sulfamethoxazole hydroxylamine","MPO, NAT1, NAT2",0,1
PA166271521,In Progress: Pyrazinamide Pathway,"5-hydroxypyrazinamide, 5-hydroxypyrazinoic acid, pyrazinamide, pyrazinoic acid","AOX1, NAAA, XDH",0,1
PA145011114,Warfarin Pathway,"hydroxy-vitamin K, Vitamin K, vitamin K dihydroquinone, vitamin K1 epoxide, warfarin","AIFM2, BGLAP, CALU, CYP4F2, EPHX1, F10, F2, F7, F9, GAS6, GGCX, MGP, NQO1, PROC, PROS1, PROZ, VKORC1",1,0
PA166271961,Reactome/PharmGKB collaboration: Ribavirin Pathway,"1,2,4-triazole-3-carboxamide, ribavirin, ribavirin carboxylate, ribavirin diphosphate, ribavirin monophosphate, ribavirin triphosphate, viramidine","ADA, ADK, GUK1, ITPA, NME1, NME2, NT5C2, PNP, SLC28A2, SLC28A3, SLC29A1, SLC29A3",0,1
PA166273601,Reactome/PharmGKB collaboration: Prednisone and Prednisolone Pathway,"20alpha-dihydroprednisolone, 20alpha-dihydroprednisone, 20beta-dihydroprednisolone, 20beta-dihydroprednisone, 6beta-hydroxyprednisolone, 6beta-hydroxyprednisone, prednisolone, prednisolone glucuronide, prednisone","ABCB1, ABCC2, ABCC3, AKR1C1, ALB, CYP3A4, HSD11B1, SERPINA6, UGT1A3, UGT2B17, UGT2B7",0,1
PA166278781,In Progress: Regorafenib Pathway,"desmethyl regorafenib, n-desmethyl regorafenib n-oxide, regorafenib, regorafenib glucuronide, regorafenib metabolite m3, regorafenib metabolite m8, regorafenib N-oxide","ADH1A, CYP2J2, CYP3A4, UGT1A9",0,1
PA166278761,In Progress: Regorafenib Pathway,regorafenib,"BRAF, FLT1, FLT4, KDR, KIT, RAF1, RET, TEK",1,0
PA166279441,In Progress: Mitotane Pathway,"mitotane, o,p'-DDA, o,p'-DDE","ABCB1, ABCG2, CYP1A1, CYP1A2, CYP2C19, CYP2D6, CYP2W1, CYP3A4, NR1I2, SLCO1B1, SOAT1, UGT1A3",1,1
PA166287601,In Progress: Disulfiram Pathway,"bis(diethyldithiocarbamato) copper complex, carbon disulfide, diethylamine, diethyldithiocarbamic acid, disulfiram, methyl diethylthiocarbamate sulfone, methyl diethylthiocarbamate sulfoxide, s-adenosylhomocysteine, s-adenosylmethionine, s-methyl DDC, s-methyl diethylthiocarbamate","CYP2E1, TPMT",0,1
PA166247541,Methadone Pathway,"(R)-methadone, (S)-methadone, EMDP, methadone, methadone M3, methadone M4, methadone M5, p-hydroxymethadone, R-EDDP, S-EDDP","ABCB1, CYP2B6, CYP2C19, CYP2D6, CYP3A4, UGT2B4, UGT2B7",0,1
PA166287721,In Progress: Disulfiram Pathway,"acetaldehyde, acetic acid, benzoylecgonine, cocaethylene, cocaine, disulfiram, ethanol","ALDH2, CES2, SLC6A3",1,0
PA166170276,Bupropion Pathway,"4-hydroxybupropion, bupropion, erythro-4-hydroxyhydrobupropion, erythrohydrobupropion, erythrohydrobupropion glucuronide, hydroxybupropion, threo-4-hydroxyhydrobupropion, threohydrobupropion, threohydrobupropion glucuronide","AKR1C1, AKR1C2, AKR1C3, AKR7A2, AKR7A3, CBR1, CYP2B6, CYP2C19, CYP2D6, HSD11B1, UGT1A3, UGT1A4, UGT1A9, UGT2B4, UGT2B7",0,1
PA165980050,Vemurafenib Pathway,vemurafenib,"ARAF, BRAF, EGF, EGFR, ETS1, FGF1, FGF2, FGF3, FGF4, FGF5, FGF6, FGF7, FGFR1, FGFR2, FGFR3, FGFR3P1, FGFR4, FLT1, FLT4, GRB2, HRAS, JUN, KDR, KRAS, MAP2K1, MAP2K2, MAPK1, MAPK3, MRAS, MYC, NRAS, PDGFA, PDGFB, PDGFC, PDGFD, PDGFRA, PDGFRB, RAF1, RRAS, SOS1, SOS2, VEGFA, VEGFB",1,0
PA162356267,EGFR Inhibitor Pathway,"cetuximab, erlotinib, gefitinib, lapatinib, panitumumab","AKT1, AKT2, AKT3, AREG, BTC, CAMK1, CAMK1D, CAMK1G, CAMK2A, CAMK2B, CAMK2D, CAMK2G, EGF, EGFR, ELK1, ERBB2, ERBB3, ERBB4, EREG, FOS, GRB2, HBEGF, HRAS, JAK1, JUN, KRAS, MAP2K1, MAP2K7, MAP3K1, MAPK1, MAPK3, MAPK8, MRAS, MYC, NFKB1, NFKB2, NRAS, NRG1, NRG2, NRG3, PIK3CA, PIK3CB, PIK3CD, PIK3CG, PIK3R1, PIK3R2, PIK3R3, PLCG1, PLCG2, PRKCA, PRKCB, PRKCG, RAF1, RELA, RRAS, SHC1, SHC2, SHC3, SOS1, SP1, STAT1, STAT2, STAT3, STAT4, STAT5A, STAT5B, TGFA",1,0
